{"book_2": ["publication", "book"], "club_1": ["Student", "Club", "Member_of_club"], "culture_company": ["book_club", "movie", "culture_company"], "cinema": ["film", "cinema", "schedule"], "icfp_1": ["Inst", "Authors", "Papers", "Authorship"], "manufacturer": ["manufacturer", "furniture", "furniture_manufacte"], "sports_competition": ["club", "club_rank", "player", "competition", "competition_result"], "tracking_share_transactions": ["Investors", "Lots", "Ref_Transaction_Types", "Transactions", "Sales", "Purchases", "Transactions_Lots"], "tracking_grants_for_research": ["Document_Types", "Documents", "Grants", "Organisation_Types", "Organisations", "Project_Outcomes", "Project_Staff", "Projects", "Research_Outcomes", "Research_Staff", "Staff_Roles", "Tasks"], "architecture": ["architect", "bridge", "mill"], "railway": ["railway", "train", "manager", "railway_manage"], "shop_membership": ["member", "branch", "membership_register_branch", "purchase"], "county_public_safety": ["county_public_safety", "city"], "program_share": ["program", "channel", "broadcast", "broadcast_share"], "gas_company": ["company", "gas_station", "station_company"], "products_gen_characteristics": ["Ref_Characteristic_Types", "Ref_Colors", "Ref_Product_Categories", "Characteristics", "Products", "Product_Characteristics"], "aircraft": ["pilot", "aircraft", "match", "airport", "airport_aircraft"], "loan_1": ["bank", "customer", "loan"], "customers_and_addresses": ["Addresses", "Products", "Customers", "Customer_Addresses", "Customer_Contact_Channels", "Customer_Orders", "Order_Items"], "device": ["device", "shop", "stock"], "company_employee": ["people", "company", "employment"], "workshop_paper": ["workshop", "submission", "Acceptance"], "bike_1": ["station", "status", "trip", "weather"], "climbing": ["mountain", "climber"], "election": ["county", "party", "election"], "soccer_2": ["College", "Player", "Tryout"], "phone_1": ["chip_model", "screen_mode", "phone"], "train_station": ["station", "train", "train_station"], "customers_and_invoices": ["Customers", "Orders", "Invoices", "Accounts", "Product_Categories", "Products", "Financial_Transactions", "Order_Items", "Invoice_Line_Items"], "flight_2": ["airlines", "airports", "flights"], "imdb": ["actor", "copyright", "cast", "genre", "classification", "company", "director", "producer", "directed_by", "keyword", "made_by", "movie", "tags", "tv_series", "writer", "written_by"], "chinook_1": ["Album", "Artist", "Customer", "Employee", "Genre", "Invoice", "InvoiceLine", "MediaType", "Playlist", "PlaylistTrack", "Track"], "flight_company": ["airport", "operate_company", "flight"], "music_1": ["genre", "artist", "files", "song"], "coffee_shop": ["shop", "member", "happy_hour", "happy_hour_member"], "wrestler": ["wrestler", "Elimination"], "browser_web": ["Web_client_accelerator", "browser", "accelerator_compatible_browser"], "cre_Doc_Tracking_DB": ["Ref_Document_Types", "Ref_Calendar", "Ref_Locations", "Roles", "All_Documents", "Employees", "Document_Locations", "Documents_to_be_Destroyed"], "ship_1": ["captain", "Ship"], "activity_1": ["Activity", "Participates_in", "Faculty_Participates_in", "Student", "Faculty"], "yelp": ["business", "category", "user", "checkin", "neighbourhood", "review", "tip"], "customers_and_products_contacts": ["Addresses", "Products", "Customers", "Contacts", "Customer_Address_History", "Customer_Orders", "Order_Items"], "tvshow": ["TV_Channel", "TV_series", "Cartoon"], "concert_singer": ["stadium", "singer", "concert", "singer_in_concert"], "singer": ["singer", "song"], "election_representative": ["election", "representative"], "behavior_monitoring": ["Ref_Address_Types", "Ref_Detention_Type", "Ref_Incident_Type", "Addresses", "Students", "Teachers", "Assessment_Notes", "Behavior_Incident", "Detention", "Student_Addresses", "Students_in_Detention"], "geo": ["state", "city", "border_info", "highlow", "lake", "mountain", "river"], "movie_1": ["Movie", "Reviewer", "Rating"], "flight_1": ["flight", "aircraft", "employee", "certificate"], "machine_repair": ["repair", "machine", "technician", "repair_assignment"], "music_2": ["Songs", "Albums", "Band", "Instruments", "Performance", "Tracklists", "Vocals"], "decoration_competition": ["college", "member", "round"], "solvency_ii": ["Addresses", "Locations", "Products", "Parties", "Assets", "Channels", "Finances", "Events", "Products_in_Events", "Parties_in_Events", "Agreements", "Assets_in_Events"], "tracking_software_problems": ["Problem_Category_Codes", "Problem_Log", "Problem_Status_Codes", "Product", "Staff", "Problems"], "city_record": ["city", "match", "temperature", "hosting_city"], "real_estate_properties": ["Ref_Feature_Types", "Ref_Property_Types", "Other_Available_Features", "Properties", "Other_Property_Features"], "cre_Drama_Workshop_Groups": ["Ref_Payment_Methods", "Ref_Service_Types", "Addresses", "Products", "Marketing_Regions", "Clients", "Drama_Workshop_Groups", "Performers", "Customers", "Stores", "Bookings", "Performers_in_Bookings", "Customer_Orders", "Order_Items", "Invoices", "Services", "Bookings_Services", "Invoice_Items"], "film_rank": ["film", "market", "film_market_estimation"], "debate": ["people", "debate", "debate_people"], "sakila_1": ["actor", "address", "category", "city", "country", "customer", "film", "film_actor", "film_category", "film_text", "inventory", "language", "payment", "rental", "staff", "store"], "pilot_record": ["aircraft", "pilot", "pilot_record"], "network_2": ["Person", "PersonFriend"], "e_learning": ["Course_Authors_and_Tutors", "Students", "Subjects", "Courses", "Student_Course_Enrolment", "Student_Tests_Taken"], "driving_school": ["Addresses", "Staff", "Vehicles", "Customers", "Customer_Payments", "Lessons"], "customers_card_transactions": ["Accounts", "Customers", "Customers_Cards", "Financial_Transactions"], "store_product": ["product", "store", "district", "store_product", "store_district"], "customer_deliveries": ["Products", "Addresses", "Customers", "Regular_Orders", "Regular_Order_Products", "Actual_Orders", "Actual_Order_Products", "Customer_Addresses", "Delivery_Routes", "Delivery_Route_Locations", "Trucks", "Employees", "Order_Deliveries"], "performance_attendance": ["member", "performance", "member_attendance"], "museum_visit": ["museum", "visitor", "visit"], "e_government": ["Addresses", "Services", "Forms", "Individuals", "Organizations", "Parties", "Organization_Contact_Individuals", "Party_Addresses", "Party_Forms", "Party_Services"], "insurance_and_eClaims": ["Customers", "Staff", "Policies", "Claim_Headers", "Claims_Documents", "Claims_Processing_Stages", "Claims_Processing"], "farm": ["city", "farm", "farm_competition", "competition_record"], "baseball_1": ["all_star", "appearances", "manager_award", "player_award", "manager_award_vote", "player_award_vote", "batting", "batting_postseason", "player_college", "fielding", "fielding_outfield", "fielding_postseason", "hall_of_fame", "home_game", "manager", "manager_half", "player", "park", "pitching", "pitching_postseason", "salary", "college", "postseason", "team", "team_franchise", "team_half"], "protein_institute": ["building", "Institution", "protein"], "world_1": ["city", "sqlite_sequence", "country", "countrylanguage"], "hr_1": ["regions", "countries", "departments", "jobs", "employees", "job_history", "locations"], "wedding": ["people", "church", "wedding"], "match_season": ["country", "team", "match_season", "player"], "soccer_1": ["Player_Attributes", "sqlite_sequence", "Player", "League", "Country", "Team", "Team_Attributes"], "entrepreneur": ["entrepreneur", "people"], "product_catalog": ["Attribute_Definitions", "Catalogs", "Catalog_Structure", "Catalog_Contents", "Catalog_Contents_Additional_Attributes"], "theme_gallery": ["artist", "exhibition", "exhibition_record"], "student_transcripts_tracking": ["Addresses", "Courses", "Departments", "Degree_Programs", "Sections", "Semesters", "Students", "Student_Enrolment", "Student_Enrolment_Courses", "Transcripts", "Transcript_Contents"], "dorm_1": ["Student", "Dorm", "Dorm_amenity", "Has_amenity", "Lives_in"], "formula_1": ["circuits", "races", "drivers", "status", "seasons", "constructors", "constructorStandings", "results", "driverStandings", "constructorResults", "qualifying", "pitStops", "lapTimes"], "manufactory_1": ["Manufacturers", "Products"], "scientist_1": ["Scientists", "Projects", "AssignedTo"], "epinions_1": ["item", "review", "useracct", "trust"], "insurance_policies": ["Customers", "Customer_Policies", "Claims", "Settlements", "Payments"], "school_bus": ["driver", "school", "school_bus"], "poker_player": ["poker_player", "people"], "party_people": ["region", "party", "member", "party_events"], "customer_complaints": ["Staff", "Customers", "Products", "Complaints"], "local_govt_mdm": ["Customer_Master_Index", "CMI_Cross_References", "Council_Tax", "Business_Rates", "Benefits_Overpayments", "Parking_Fines", "Rent_Arrears", "Electoral_Register"], "csu_1": ["Campuses", "csu_fees", "degrees", "discipline_enrollments", "enrollments", "faculty"], "musical": ["musical", "actor"], "document_management": ["Roles", "Users", "Document_Structures", "Functional_Areas", "Images", "Documents", "Document_Functional_Areas", "Document_Sections", "Document_Sections_Images"], "entertainment_awards": ["festival_detail", "artwork", "nomination"], "college_3": ["Student", "Faculty", "Department", "Member_of", "Course", "Minor_in", "Enrolled_in", "Gradeconversion"], "employee_hire_evaluation": ["employee", "shop", "hiring", "evaluation"], "department_store": ["Addresses", "Staff", "Suppliers", "Department_Store_Chain", "Customers", "Products", "Supplier_Addresses", "Customer_Addresses", "Customer_Orders", "Department_Stores", "Departments", "Order_Items", "Product_Suppliers", "Staff_Department_Assignments"], "restaurant_1": ["Student", "Restaurant", "Type_Of_Restaurant", "Restaurant_Type", "Visits_Restaurant"], "academic": ["author", "conference", "domain", "domain_author", "domain_conference", "journal", "domain_journal", "keyword", "domain_keyword", "publication", "domain_publication", "organization", "publication_keyword", "writes", "cite"], "battle_death": ["battle", "ship", "death"], "riding_club": ["player", "club", "coach", "player_coach", "match_result"], "small_bank_1": ["ACCOUNTS", "SAVINGS", "CHECKING"], "cre_Docs_and_Epenses": ["Ref_Document_Types", "Ref_Budget_Codes", "Projects", "Documents", "Statements", "Documents_with_Expenses", "Accounts"], "apartment_rentals": ["Apartment_Buildings", "Apartments", "Apartment_Facilities", "Guests", "Apartment_Bookings", "View_Unit_Status"], "dog_kennels": ["Breeds", "Charges", "Sizes", "Treatment_Types", "Owners", "Dogs", "Professionals", "Treatments"], "perpetrator": ["perpetrator", "people"], "company_office": ["buildings", "Companies", "Office_locations"], "orchestra": ["conductor", "orchestra", "performance", "show"], "assets_maintenance": ["Third_Party_Companies", "Maintenance_Contracts", "Parts", "Skills", "Staff", "Assets", "Asset_Parts", "Maintenance_Engineers", "Engineer_Skills", "Fault_Log", "Engineer_Visits", "Part_Faults", "Fault_Log_Parts", "Skills_Required_To_Fix"], "race_track": ["race", "track"], "wine_1": ["grapes", "appellations", "wine"], "products_for_hire": ["Discount_Coupons", "Customers", "Bookings", "Products_for_Hire", "Payments", "Products_Booked", "View_Product_Availability"], "voter_2": ["Student", "Voting_record"], "cre_Theme_park": ["Ref_Hotel_Star_Ratings", "Locations", "Ref_Attraction_Types", "Visitors", "Features", "Hotels", "Tourist_Attractions", "Street_Markets", "Shops", "Museums", "Royal_Family", "Theme_Parks", "Visits", "Photos", "Staff", "Tourist_Attraction_Features"], "phone_market": ["phone", "market", "phone_market"], "scholar": ["venue", "author", "dataset", "journal", "keyphrase", "paper", "cite", "paperDataset", "paperKeyphrase", "writes"], "cre_Doc_Template_Mgt": ["Ref_Template_Types", "Templates", "Documents", "Paragraphs"], "storm_record": ["storm", "region", "affected_region"], "student_assessment": ["Addresses", "People", "Students", "Courses", "People_Addresses", "Student_Course_Registrations", "Student_Course_Attendance", "Candidates", "Candidate_Assessments"], "roller_coaster": ["roller_coaster", "country"], "twitter_1": ["follows", "tweets", "user_profiles"], "allergy_1": ["Allergy_Type", "Has_Allergy", "Student"], "candidate_poll": ["candidate", "people"], "insurance_fnol": ["Customers", "Services", "Available_Policies", "Customers_Policies", "First_Notification_of_Loss", "Claims", "Settlements"], "game_injury": ["stadium", "game", "injury_accident"], "restaurants": ["GEOGRAPHIC", "RESTAURANT", "LOCATION"], "department_management": ["department", "head", "management"], "college_2": ["classroom", "department", "course", "instructor", "section", "teaches", "student", "takes", "advisor", "time_slot", "prereq"], "student_1": ["list", "teachers"], "wta_1": [ "matches", "rankings"], "flight_4": ["routes", "airports", "airlines"], "party_host": ["party", "host", "party_host"], "cre_Doc_Control_Systems": ["Ref_Document_Types", "Roles", "Addresses", "Ref_Document_Status", "Ref_Shipping_Agents", "Documents", "Employees", "Document_Drafts", "Draft_Copies", "Circulation_History", "Documents_Mailed"], "course_teach": ["course", "teacher", "course_arrange"], "journal_committee": ["journal", "editor", "journal_committee"], "college_1": ["CLASS", "COURSE", "DEPARTMENT", "EMPLOYEE", "ENROLL", "PROFESSOR", "STUDENT"], "swimming": ["swimmer", "stadium", "event", "record"], "music_4": ["artist", "volume", "music_festival"], "station_weather": ["train", "station", "route", "weekly_weather"], "voter_1": ["AREA_CODE_STATE", "CONTESTANTS", "VOTES"], "ship_mission": ["mission", "ship"], "hospital_1": ["Physician", "Department", "Affiliated_With", "Procedures", "Trained_In", "Patient", "Nurse", "Appointment", "Medication", "Prescribes", "Block", "Room", "On_Call", "Stay", "Undergoes"], "news_report": ["event", "journalist", "news_report"], "gymnast": ["gymnast", "people"], "local_govt_and_lot": ["Customers", "Properties", "Residents", "Organizations", "Services", "Residents_Services", "Things", "Customer_Events", "Customer_Event_Notes", "Timed_Status_of_Things", "Timed_Locations_of_Things"], "game_1": ["Student", "Video_Games", "Plays_Games", "SportsInfo"], "store_1": ["artists", "sqlite_sequence", "albums", "employees", "customers", "genres", "invoices", "media_types", "tracks", "invoice_lines", "playlists", "playlist_tracks"], "network_1": ["Highschooler", "Friend", "Likes"], "school_player": ["school", "school_details", "school_performance", "player"], "pets_1": ["Student", "Has_Pet", "Pets"], "car_1": ["continents", "countries", "car_makers", "model_list", "car_names", "cars_data"], "tracking_orders": ["Customers", "Invoices", "Orders", "Products", "Order_Items", "Shipments", "Shipment_Items"], "company_1": ["works_on", "employee", "department", "project", "dependent", "dept_locations"], "inn_1": ["Rooms", "Reservations"], "school_finance": ["School", "budget", "endowment"], "medicine_enzyme_interaction": ["medicine", "enzyme", "medicine_enzyme_interaction"], "body_builder": ["body_builder", "people"], "university_basketball": ["basketball_match", "university"], "mountain_photos": ["mountain", "camera_lens", "photos"], "local_govt_in_alabama": ["Services", "Participants", "Events", "Participants_in_Events"], "customers_campaigns_ecommerce": ["Premises", "Products", "Customers", "Mailshot_Campaigns", "Customer_Addresses", "Customer_Orders", "Mailshot_Customers", "Order_Items"]}