professional_id,role_code,first_name,street,city,state,zip_code,last_name,email_address,home_phone,cell_number
1,Employee,Taryn,"6915 Oberbrunner Point Suite 491
Gleasonville, LA ",West Heidi,Indiana,06646,Braun,deanna.schuster@example.com,+71(6)2898266914,(275)939-2435x80863
2,Employee,Jayson,"88665 Terence Lodge Apt. 904
Corneliusfort, NC 194",North Odellfurt,Connecticut,43129,Ullrich,lucile.shanahan@example.org,+02(1)0259033559,889-940-2676
3,Employee,Olaf,"68589 Bradly Manor
New Audrey, IN 91497",Jaceton,Wisconsin,77129,Watsica,uboehm@example.org,325-155-0801x7005,(369)908-7311x065
4,Veterenarian,Vernice,"72532 Hane Course
Lake Berylland, ND 95283",Domenickton,Mississippi,02281,Tillman,lourdes.lowe@example.net,312.216.3352,00230569697
5,Veterenarian,Danny,"188 VonRueden Tunnel Suite 630
North Macibury, NV ",New Laurytown,Hawaii,84515,Considine,mekhi.little@example.org,1-609-566-2752x25197,011.193.9081x3186
6,Veterenarian,Ruben,"17286 Waters Green
East Bernadinefort, CA 89573",Baileymouth,NewMexico,52476,O'Reilly,jacynthe.mclaughlin@example.net,+43(5)1132733868,139-321-7313
7,Veterenarian,Velva,"44234 Marvin Shoals Suite 659
North Frances, AL 23",McLaughlinfort,NorthCarolina,67980,Hayes,lambert62@example.org,022.529.0550x1319,499-434-0215x1628
8,Employee,Karley,"36895 Eli Ferry
Port Marcelle, FL 45712",Kirastad,Indiana,33020,Hyatt,goyette.roosevelt@example.net,891.475.2256,328.842.3792
9,Veterenarian,Monte,"07073 Brenna Ways Suite 089
Lowehaven, KY 93275-96",South Rockyport,SouthCarolina,80775,Kshlerin,schneider.kathryne@example.org,320-508-6023,962-983-8109x3509
10,Employee,Domenica,"7284 Torphy Flats Apt. 610
Diannaburgh, SC 78560",New Maryjane,California,54312,Jacobs,jerrod.bahringer@example.org,(230)338-3342x585,461-801-2600
11,Employee,Brady,"09615 McKenzie Stravenue Apt. 128
West Elliottview",Raynorfort,Alabama,07412,Pouros,west.eula@example.net,(920)304-4499x59146,609-405-2990
12,Veterenarian,Winfield,"92912 Langworth Valleys Apt. 743
Thompsonborough, ",Juddton,Utah,34041,Christiansen,marquardt.furman@example.org,246-951-0080x76716,1-181-670-9466
13,Veterenarian,Ericka,"7783 Abraham Alley
Port Madelynhaven, KY 59172-273",Borisside,Wyoming,17902,Murazik,delphine29@example.com,346.594.3739,880-659-7577x736
14,Employee,Sigurd,"390 Bryce Drive
North Dock, LA 65357-7228",East Ila,Connecticut,41215,Frami,cole.margarita@example.org,971.048.3763x9404,1-185-137-1945x409
15,Employee,Lesly,"63949 Keeling Landing Apt. 502
Johnsview, SD 06780",North Adelberttown,Montana,98844,Walter,jeichmann@example.com,1-138-287-3775,1-258-285-4707x8020
