contact_id,customer_id,gender,first_name,last_name,contact_phone
1,4,male,Cierra,Collins,+73(2)0854391820
2,6,male,Jennifer,Doyle,482-949-1364x17500
3,8,female,Carli,Blick,(608)868-5069x554
4,14,female,Gustave,Ebert,00414184198
5,3,male,Danika,Bauch,1-368-227-6322
6,9,female,Rachelle,Stamm,048-342-0880x5170
7,10,male,Sid,Legros,658.850.7946x9993
8,7,female,Adella,Streich,1-613-226-7727
9,4,male,Etha,Raynor,385-123-4556
10,15,female,Skye,Ratke,+62(3)0497423927
11,10,female,Leif,Buckridge,+96(5)1807022818
12,6,female,Shyann,Hills,(842)564-7057x121
13,3,male,Darion,Leannon,1-279-181-8737
14,8,female,Amani,Kunze,405-058-1659
15,14,female,Hellen,Little,136.724.5322
